driver_id,driver_name,manifest_id,barcode,tracking_number,recipient,address,destination_city,destination_state
driver001,John Smith,manifest_driver001_ca0494d8,DT202601080755350099,EX94864852FZ,Charlotte Miller (Demo),"45 Grenfell Street, Adelaide SA 5000",Adelaide,SA
driver001,John Smith,manifest_driver001_ca0494d8,DT202601080755350098,RG59948338GQ,Lucas Harris (Demo),"91 King William Street, Adelaide SA 5000",Adelaide,SA
driver001,John Smith,manifest_driver001_ca0494d8,DT202601080755350097,EX92679802DP,Henry Wilson (Demo),"136 North Terrace, Adelaide SA 5000",Adelaide,SA
driver001,John Smith,manifest_driver001_ca0494d8,DT202601080755350096,LP75070367JQ,Charlotte Miller (Demo),"45 Grenfell Street, Adelaide SA 5000",Adelaide,SA
driver001,John Smith,manifest_driver001_ca0494d8,DT202601080755350095,RG05003555OU,Lucas Harris (Demo),"91 King William Street, Adelaide SA 5000",Adelaide,SA
driver001,John Smith,manifest_driver001_ca0494d8,DT202601080755350094,EX42415637LM,Mia Thompson (Demo),"320 Adelaide Street, Brisbane QLD 4000",Brisbane,QLD
driver001,John Smith,manifest_driver001_ca0494d8,DT202601080755350093,EX70054465LS,James Anderson (Demo),"111 George Street, Brisbane QLD 4000",Brisbane,QLD
driver001,John Smith,manifest_driver001_ca0494d8,DT202601080755350092,OV88868970OT,Isabella White (Demo),"45 Eagle Street, Brisbane QLD 4000",Brisbane,QLD
driver001,John Smith,manifest_driver001_ca0494d8,DT202601080755350091,RG92881847FY,William Taylor (Demo),"12 Creek Street, Brisbane QLD 4000",Brisbane,QLD
driver001,John Smith,manifest_driver001_ca0494d8,DT202601080755350090,EX51613508NG,Ava Johnson (Demo),"100 Queen Street, Brisbane QLD 4000",Brisbane,QLD
driver001,John Smith,manifest_driver001_ca0494d8,DT202601080755350089,OV94758860IO,Mia Thompson (Demo),"320 Adelaide Street, Brisbane QLD 4000",Brisbane,QLD
driver001,John Smith,manifest_driver001_ca0494d8,DT202601080755350088,EX93290293IB,James Anderson (Demo),"111 George Street, Brisbane QLD 4000",Brisbane,QLD
driver001,John Smith,manifest_driver001_ca0494d8,DT202601080755350087,OV82876775JX,Isabella White (Demo),"45 Eagle Street, Brisbane QLD 4000",Brisbane,QLD
driver001,John Smith,manifest_driver001_ca0494d8,DT202601080755350086,RG56674571KS,William Taylor (Demo),"12 Creek Street, Brisbane QLD 4000",Brisbane,QLD
driver001,John Smith,manifest_driver001_ca0494d8,DT202601080755350085,EX00433323ZG,Ava Johnson (Demo),"100 Queen Street, Brisbane QLD 4000",Brisbane,QLD
driver001,John Smith,manifest_driver001_ca0494d8,DT202601080755350084,EX60582980OX,Liam Davis (Demo),"181 William Street, Melbourne VIC 3000",Melbourne,VIC
driver001,John Smith,manifest_driver001_ca0494d8,DT202601080755350083,EX39320517ON,Sophia Martin (Demo),"501 Swanston Street, Melbourne VIC 3000",Melbourne,VIC
driver001,John Smith,manifest_driver001_ca0494d8,DT202601080755350082,RG35339852JO,Noah Brown (Demo),"8 Exhibition Street, Melbourne VIC 3000",Melbourne,VIC
driver001,John Smith,manifest_driver001_ca0494d8,DT202601080755350081,LP00442642AD,Emma Wilson (Demo),"1 Flinders Street, Melbourne VIC 3000",Melbourne,VIC
driver001,John Smith,manifest_driver001_ca0494d8,DT202601080755350080,RG49717189RQ,Oliver Thompson (Demo),"120 Collins Street, Melbourne VIC 3000",Melbourne,VIC
driver001,John Smith,manifest_driver001_ca0494d8,DT202601080755350079,EX49578819JT,Liam Davis (Demo),"181 William Street, Melbourne VIC 3000",Melbourne,VIC
driver001,John Smith,manifest_driver001_ca0494d8,DT202601080755350078,EX75746477US,Sophia Martin (Demo),"501 Swanston Street, Melbourne VIC 3000",Melbourne,VIC
driver001,John Smith,manifest_driver001_ca0494d8,DT202601080755350077,LP56071904GL,Noah Brown (Demo),"8 Exhibition Street, Melbourne VIC 3000",Melbourne,VIC
driver001,John Smith,manifest_driver001_ca0494d8,DT202601080755350076,LP03790583SS,Emma Wilson (Demo),"1 Flinders Street, Melbourne VIC 3000",Melbourne,VIC
driver001,John Smith,manifest_driver001_ca0494d8,DT202601080755350075,EX78568878KY,Oliver Thompson (Demo),"120 Collins Street, Melbourne VIC 3000",Melbourne,VIC
driver001,John Smith,manifest_driver001_ca0494d8,DT202601080755350074,LP89422449SB,Liam Davis (Demo),"181 William Street, Melbourne VIC 3000",Melbourne,VIC
driver001,John Smith,manifest_driver001_ca0494d8,DT202601080755350073,RG53412156OH,Sophia Martin (Demo),"501 Swanston Street, Melbourne VIC 3000",Melbourne,VIC
driver001,John Smith,manifest_driver001_ca0494d8,DT202601080755350072,LP73506172MF,Noah Brown (Demo),"8 Exhibition Street, Melbourne VIC 3000",Melbourne,VIC
driver001,John Smith,manifest_driver001_ca0494d8,DT202601080755350071,EX24018998UC,Emma Wilson (Demo),"1 Flinders Street, Melbourne VIC 3000",Melbourne,VIC
driver001,John Smith,manifest_driver001_ca0494d8,DT202601080755350070,LP31682058PM,Oliver Thompson (Demo),"120 Collins Street, Melbourne VIC 3000",Melbourne,VIC
driver001,John Smith,manifest_driver001_ca0494d8,DT202601080755350069,OV12845435RD,Mason Davis (Demo),"1 Denison Street, North Sydney NSW 2060",Sydney,NSW
driver001,John Smith,manifest_driver001_ca0494d8,DT202601080755350068,OV60918164YL,Isabella Martinez (Demo),"181 Miller Street, North Sydney NSW 2060",Sydney,NSW
driver001,John Smith,manifest_driver001_ca0494d8,DT202601080755350067,OV97139541KW,Benjamin Lee (Demo),"1 Bligh Street, Sydney NSW 2000",Sydney,NSW
driver001,John Smith,manifest_driver001_ca0494d8,DT202601080755350066,EX92209232AE,Sophia Anderson (Demo),"200 Barangaroo Avenue, Barangaroo NSW 2000",Sydney,NSW
driver001,John Smith,manifest_driver001_ca0494d8,DT202601080755350065,OV61723399YP,William Taylor (Demo),"456 Kent Street, Sydney NSW 2000",Sydney,NSW
driver001,John Smith,manifest_driver001_ca0494d8,DT202601080755350064,EX19150808FF,Olivia Brown (Demo),"100 Market Street, Sydney NSW 2000",Sydney,NSW
driver001,John Smith,manifest_driver001_ca0494d8,DT202601080755350063,EX93898517AP,James Martinez (Demo),"201 Kent Street, Sydney NSW 2000",Sydney,NSW
driver001,John Smith,manifest_driver001_ca0494d8,DT202601080755350062,OV28554689VF,Emma Wilson (Demo),"483 George Street, Sydney NSW 2000",Sydney,NSW
driver001,John Smith,manifest_driver001_ca0494d8,DT202601080755350061,RG23860824GE,Michael Chen (Demo),"88 Cumberland Street, The Rocks NSW 2000",Sydney,NSW
driver001,John Smith,manifest_driver001_ca0494d8,DT202601080755350060,LP54802046HF,Sarah Johnson (Demo),"1 Macquarie Street, Sydney NSW 2000",Sydney,NSW
driver002,Maria Garcia,manifest_driver002_937b04e5,DT202601080755350059,OV35845755CX,Mason Davis (Demo),"1 Denison Street, North Sydney NSW 2060",Sydney,NSW
driver002,Maria Garcia,manifest_driver002_937b04e5,DT202601080755350058,EX13619036RY,Isabella Martinez (Demo),"181 Miller Street, North Sydney NSW 2060",Sydney,NSW
driver002,Maria Garcia,manifest_driver002_937b04e5,DT202601080755350057,OV96576951LN,Benjamin Lee (Demo),"1 Bligh Street, Sydney NSW 2000",Sydney,NSW
driver002,Maria Garcia,manifest_driver002_937b04e5,DT202601080755350056,RG11368711FG,Sophia Anderson (Demo),"200 Barangaroo Avenue, Barangaroo NSW 2000",Sydney,NSW
driver002,Maria Garcia,manifest_driver002_937b04e5,DT202601080755350055,RG94162006NS,William Taylor (Demo),"456 Kent Street, Sydney NSW 2000",Sydney,NSW
driver002,Maria Garcia,manifest_driver002_937b04e5,DT202601080755350054,OV45656611UG,Olivia Brown (Demo),"100 Market Street, Sydney NSW 2000",Sydney,NSW
driver002,Maria Garcia,manifest_driver002_937b04e5,DT202601080755350053,RG66415207US,James Martinez (Demo),"201 Kent Street, Sydney NSW 2000",Sydney,NSW
driver002,Maria Garcia,manifest_driver002_937b04e5,DT202601080755350052,EX94213014OV,Emma Wilson (Demo),"483 George Street, Sydney NSW 2000",Sydney,NSW
driver002,Maria Garcia,manifest_driver002_937b04e5,DT202601080755350051,LP17812607UL,Michael Chen (Demo),"88 Cumberland Street, The Rocks NSW 2000",Sydney,NSW
driver002,Maria Garcia,manifest_driver002_937b04e5,DT202601080755350050,LP22297562KI,Sarah Johnson (Demo),"1 Macquarie Street, Sydney NSW 2000",Sydney,NSW
driver002,Maria Garcia,manifest_driver002_937b04e5,DT202601080755130049,EX90209335BO,Charlotte Miller (Demo),"45 Grenfell Street, Adelaide SA 5000",Adelaide,SA
driver002,Maria Garcia,manifest_driver002_937b04e5,DT202601080755130048,RG59923321CX,Lucas Harris (Demo),"91 King William Street, Adelaide SA 5000",Adelaide,SA
driver002,Maria Garcia,manifest_driver002_937b04e5,DT202601080755130047,RG69851623ZF,Henry Wilson (Demo),"136 North Terrace, Adelaide SA 5000",Adelaide,SA
driver002,Maria Garcia,manifest_driver002_937b04e5,DT202601080755130046,RG82221177XY,Charlotte Miller (Demo),"45 Grenfell Street, Adelaide SA 5000",Adelaide,SA
driver002,Maria Garcia,manifest_driver002_937b04e5,DT202601080755130045,LP75643899VD,Lucas Harris (Demo),"91 King William Street, Adelaide SA 5000",Adelaide,SA
driver002,Maria Garcia,manifest_driver002_937b04e5,DT202601080755130044,EX37404163PP,Mia Thompson (Demo),"320 Adelaide Street, Brisbane QLD 4000",Brisbane,QLD
driver002,Maria Garcia,manifest_driver002_937b04e5,DT202601080755130043,LP21737293RS,James Anderson (Demo),"111 George Street, Brisbane QLD 4000",Brisbane,QLD
driver002,Maria Garcia,manifest_driver002_937b04e5,DT202601080755130042,OV61818572FP,Isabella White (Demo),"45 Eagle Street, Brisbane QLD 4000",Brisbane,QLD
driver002,Maria Garcia,manifest_driver002_937b04e5,DT202601080755130041,RG94485054ZB,William Taylor (Demo),"12 Creek Street, Brisbane QLD 4000",Brisbane,QLD
driver002,Maria Garcia,manifest_driver002_937b04e5,DT202601080755130040,LP65281589KZ,Ava Johnson (Demo),"100 Queen Street, Brisbane QLD 4000",Brisbane,QLD
driver002,Maria Garcia,manifest_driver002_937b04e5,DT202601080755130039,EX22390765NO,Mia Thompson (Demo),"320 Adelaide Street, Brisbane QLD 4000",Brisbane,QLD
driver002,Maria Garcia,manifest_driver002_937b04e5,DT202601080755130038,RG09257067IX,James Anderson (Demo),"111 George Street, Brisbane QLD 4000",Brisbane,QLD
driver002,Maria Garcia,manifest_driver002_937b04e5,DT202601080755130037,OV58802346MI,Isabella White (Demo),"45 Eagle Street, Brisbane QLD 4000",Brisbane,QLD
driver002,Maria Garcia,manifest_driver002_937b04e5,DT202601080755130036,EX89039975GX,William Taylor (Demo),"12 Creek Street, Brisbane QLD 4000",Brisbane,QLD
driver002,Maria Garcia,manifest_driver002_937b04e5,DT202601080755130035,LP67044029LI,Ava Johnson (Demo),"100 Queen Street, Brisbane QLD 4000",Brisbane,QLD
driver002,Maria Garcia,manifest_driver002_937b04e5,DT202601080755130034,LP92105207MM,Liam Davis (Demo),"181 William Street, Melbourne VIC 3000",Melbourne,VIC
driver002,Maria Garcia,manifest_driver002_937b04e5,DT202601080755130033,OV53600828VE,Sophia Martin (Demo),"501 Swanston Street, Melbourne VIC 3000",Melbourne,VIC
driver002,Maria Garcia,manifest_driver002_937b04e5,DT202601080755130032,RG55650215XR,Noah Brown (Demo),"8 Exhibition Street, Melbourne VIC 3000",Melbourne,VIC
driver002,Maria Garcia,manifest_driver002_937b04e5,DT202601080755130031,OV72408019CL,Emma Wilson (Demo),"1 Flinders Street, Melbourne VIC 3000",Melbourne,VIC
driver002,Maria Garcia,manifest_driver002_937b04e5,DT202601080755130030,EX98632079RT,Oliver Thompson (Demo),"120 Collins Street, Melbourne VIC 3000",Melbourne,VIC
driver002,Maria Garcia,manifest_driver002_937b04e5,DT202601080755130029,OV45528993WC,Liam Davis (Demo),"181 William Street, Melbourne VIC 3000",Melbourne,VIC
driver002,Maria Garcia,manifest_driver002_937b04e5,DT202601080755130028,LP81459590HQ,Sophia Martin (Demo),"501 Swanston Street, Melbourne VIC 3000",Melbourne,VIC
driver002,Maria Garcia,manifest_driver002_937b04e5,DT202601080755130027,OV50616103TH,Noah Brown (Demo),"8 Exhibition Street, Melbourne VIC 3000",Melbourne,VIC
driver002,Maria Garcia,manifest_driver002_937b04e5,DT202601080755130026,OV83843435LM,Emma Wilson (Demo),"1 Flinders Street, Melbourne VIC 3000",Melbourne,VIC
driver002,Maria Garcia,manifest_driver002_937b04e5,DT202601080755130025,EX30498753GH,Oliver Thompson (Demo),"120 Collins Street, Melbourne VIC 3000",Melbourne,VIC
driver002,Maria Garcia,manifest_driver002_937b04e5,DT202601080755130024,OV28028101BO,Liam Davis (Demo),"181 William Street, Melbourne VIC 3000",Melbourne,VIC
driver002,Maria Garcia,manifest_driver002_937b04e5,DT202601080755130023,OV69924046NU,Sophia Martin (Demo),"501 Swanston Street, Melbourne VIC 3000",Melbourne,VIC
driver002,Maria Garcia,manifest_driver002_937b04e5,DT202601080755130022,OV92883135ZO,Noah Brown (Demo),"8 Exhibition Street, Melbourne VIC 3000",Melbourne,VIC
driver002,Maria Garcia,manifest_driver002_937b04e5,DT202601080755130021,EX60217291NT,Emma Wilson (Demo),"1 Flinders Street, Melbourne VIC 3000",Melbourne,VIC
driver002,Maria Garcia,manifest_driver002_937b04e5,DT202601080755130020,EX62619401ST,Oliver Thompson (Demo),"120 Collins Street, Melbourne VIC 3000",Melbourne,VIC
driver003,David Wong,manifest_driver003_9b75d63b,DT202601080755130019,LP28840471RN,Mason Davis (Demo),"1 Denison Street, North Sydney NSW 2060",Sydney,NSW
driver003,David Wong,manifest_driver003_9b75d63b,DT202601080755130018,RG71920861NI,Isabella Martinez (Demo),"181 Miller Street, North Sydney NSW 2060",Sydney,NSW
driver003,David Wong,manifest_driver003_9b75d63b,DT202601080755130017,RG22945532QX,Benjamin Lee (Demo),"1 Bligh Street, Sydney NSW 2000",Sydney,NSW
driver003,David Wong,manifest_driver003_9b75d63b,DT202601080755130016,EX66901535HA,Sophia Anderson (Demo),"200 Barangaroo Avenue, Barangaroo NSW 2000",Sydney,NSW
driver003,David Wong,manifest_driver003_9b75d63b,DT202601080755130015,LP23109401QK,William Taylor (Demo),"456 Kent Street, Sydney NSW 2000",Sydney,NSW
driver003,David Wong,manifest_driver003_9b75d63b,DT202601080755130014,LP99012074QA,Olivia Brown (Demo),"100 Market Street, Sydney NSW 2000",Sydney,NSW
driver003,David Wong,manifest_driver003_9b75d63b,DT202601080755130013,LP32739371VQ,James Martinez (Demo),"201 Kent Street, Sydney NSW 2000",Sydney,NSW
driver003,David Wong,manifest_driver003_9b75d63b,DT202601080755130012,RG04085673XJ,Emma Wilson (Demo),"483 George Street, Sydney NSW 2000",Sydney,NSW
driver003,David Wong,manifest_driver003_9b75d63b,DT202601080755130011,OV67280440MR,Michael Chen (Demo),"88 Cumberland Street, The Rocks NSW 2000",Sydney,NSW
driver003,David Wong,manifest_driver003_9b75d63b,DT202601080755130010,EX60112836JT,Sarah Johnson (Demo),"1 Macquarie Street, Sydney NSW 2000",Sydney,NSW
driver003,David Wong,manifest_driver003_9b75d63b,DT202601080755130009,OV29938226YT,Mason Davis (Demo),"1 Denison Street, North Sydney NSW 2060",Sydney,NSW
driver003,David Wong,manifest_driver003_9b75d63b,DT202601080755130008,RG22800442XP,Isabella Martinez (Demo),"181 Miller Street, North Sydney NSW 2060",Sydney,NSW
driver003,David Wong,manifest_driver003_9b75d63b,DT202601080755130007,EX27097640DZ,Benjamin Lee (Demo),"1 Bligh Street, Sydney NSW 2000",Sydney,NSW
driver003,David Wong,manifest_driver003_9b75d63b,DT202601080755130006,EX94887010UG,Sophia Anderson (Demo),"200 Barangaroo Avenue, Barangaroo NSW 2000",Sydney,NSW
driver003,David Wong,manifest_driver003_9b75d63b,DT202601080755130005,EX50273644SW,William Taylor (Demo),"456 Kent Street, Sydney NSW 2000",Sydney,NSW
driver003,David Wong,manifest_driver003_9b75d63b,DT202601080755130004,RG12144797NZ,Olivia Brown (Demo),"100 Market Street, Sydney NSW 2000",Sydney,NSW
driver003,David Wong,manifest_driver003_9b75d63b,DT202601080755130003,LP24813532BF,James Martinez (Demo),"201 Kent Street, Sydney NSW 2000",Sydney,NSW
driver003,David Wong,manifest_driver003_9b75d63b,DT202601080755130002,RG90074434FS,Emma Wilson (Demo),"483 George Street, Sydney NSW 2000",Sydney,NSW
driver003,David Wong,manifest_driver003_9b75d63b,DT202601080755130001,OV05936515HI,Michael Chen (Demo),"88 Cumberland Street, The Rocks NSW 2000",Sydney,NSW
driver003,David Wong,manifest_driver003_9b75d63b,DT202601080755130000,OV06149401BE,Sarah Johnson (Demo),"1 Macquarie Street, Sydney NSW 2000",Sydney,NSW
driver003,David Wong,manifest_driver003_9b75d63b,DT202512222134,EX39468724WT,Harper Lewis #2135,"200 Murray Street, Perth WA 6000",WA,Perth
driver003,David Wong,manifest_driver003_9b75d63b,DT202512222133,LP67934277DK,Benjamin Clark #2134,"125 St Georges Terrace, Perth WA 6000",WA,Perth
driver003,David Wong,manifest_driver003_9b75d63b,DT202512222132,OV85565987YW,Ethan Walker #2133,"108 Hay Street, Perth WA 6000",WA,Perth
driver003,David Wong,manifest_driver003_9b75d63b,DT202512222131,LP29480024FU,Harper Lewis #2132,"200 Murray Street, Perth WA 6000",WA,Perth
driver003,David Wong,manifest_driver003_9b75d63b,DT202512222130,RG06277746YX,Benjamin Clark #2131,"125 St Georges Terrace, Perth WA 6000",WA,Perth
driver003,David Wong,manifest_driver003_9b75d63b,DT202512222129,LP60340100YR,Ethan Walker #2130,"108 Hay Street, Perth WA 6000",WA,Perth
driver003,David Wong,manifest_driver003_9b75d63b,DT202512222128,RG98947762DD,Harper Lewis #2129,"200 Murray Street, Perth WA 6000",WA,Perth
driver003,David Wong,manifest_driver003_9b75d63b,DT202512222127,RG58481227QP,Benjamin Clark #2128,"125 St Georges Terrace, Perth WA 6000",WA,Perth
driver003,David Wong,manifest_driver003_9b75d63b,DT202512222126,OV63745051KD,Ethan Walker #2127,"108 Hay Street, Perth WA 6000",WA,Perth
driver003,David Wong,manifest_driver003_9b75d63b,DT202512222125,EX70830631TC,Harper Lewis #2126,"200 Murray Street, Perth WA 6000",WA,Perth
driver003,David Wong,manifest_driver003_9b75d63b,DT202512222124,EX03908808RS,Benjamin Clark #2125,"125 St Georges Terrace, Perth WA 6000",WA,Perth
driver003,David Wong,manifest_driver003_9b75d63b,DT202512222123,LP31105516OJ,Ethan Walker #2124,"108 Hay Street, Perth WA 6000",WA,Perth
driver003,David Wong,manifest_driver003_9b75d63b,DT202512222122,LP10566106EH,Harper Lewis #2123,"200 Murray Street, Perth WA 6000",WA,Perth
driver003,David Wong,manifest_driver003_9b75d63b,DT202512222121,OV78355653LT,Benjamin Clark #2122,"125 St Georges Terrace, Perth WA 6000",WA,Perth
driver003,David Wong,manifest_driver003_9b75d63b,DT202512222111,LP28952005UZ,Henry Wilson #2112,"136 North Terrace, Adelaide SA 5000",SA,Adelaide
driver003,David Wong,manifest_driver003_9b75d63b,DT202512222110,OV17805370NM,Charlotte Miller #2111,"45 Grenfell Street, Adelaide SA 5000",SA,Adelaide
driver003,David Wong,manifest_driver003_9b75d63b,DT202512222109,LP20255983OV,Lucas Harris #2110,"91 King William Street, Adelaide SA 5000",SA,Adelaide
driver003,David Wong,manifest_driver003_9b75d63b,DT202512222108,LP19951116QJ,Amelia Jones #2109,"25 Pirie Street, Adelaide SA 5000",SA,Adelaide
driver003,David Wong,manifest_driver003_9b75d63b,DT202512222107,EX51354535HO,Henry Wilson #2108,"136 North Terrace, Adelaide SA 5000",SA,Adelaide
driver003,David Wong,manifest_driver003_9b75d63b,DT202512222106,LP73504762UR,Charlotte Miller #2107,"45 Grenfell Street, Adelaide SA 5000",SA,Adelaide
driver-004,Test Driver (Scalability),manifest_driver-004_027607e7,DT202512222105,LP15303432DH,Lucas Harris #2106,"91 King William Street, Adelaide SA 5000",SA,Adelaide
driver-004,Test Driver (Scalability),manifest_driver-004_027607e7,DT202512222104,RG41253847LS,Amelia Jones #2105,"25 Pirie Street, Adelaide SA 5000",SA,Adelaide
driver-004,Test Driver (Scalability),manifest_driver-004_027607e7,DT202512222082,EX14349376VM,Charlotte Miller #2083,"45 Grenfell Street, Adelaide SA 5000",SA,Adelaide
driver-004,Test Driver (Scalability),manifest_driver-004_027607e7,DT202512222081,EX09182968JV,Lucas Harris #2082,"91 King William Street, Adelaide SA 5000",SA,Adelaide
driver-004,Test Driver (Scalability),manifest_driver-004_027607e7,DT202512222080,LP54332435VD,Amelia Jones #2081,"25 Pirie Street, Adelaide SA 5000",SA,Adelaide
driver-004,Test Driver (Scalability),manifest_driver-004_027607e7,DT202512222079,OV58872249AJ,Henry Wilson #2080,"136 North Terrace, Adelaide SA 5000",SA,Adelaide
driver-004,Test Driver (Scalability),manifest_driver-004_027607e7,DT202512222078,EX66311670TA,Charlotte Miller #2079,"45 Grenfell Street, Adelaide SA 5000",SA,Adelaide
driver-004,Test Driver (Scalability),manifest_driver-004_027607e7,DT202512222077,EX70448551HH,Lucas Harris #2078,"91 King William Street, Adelaide SA 5000",SA,Adelaide
driver-004,Test Driver (Scalability),manifest_driver-004_027607e7,DT202512222076,LP66983027YB,Amelia Jones #2077,"25 Pirie Street, Adelaide SA 5000",SA,Adelaide
driver-004,Test Driver (Scalability),manifest_driver-004_027607e7,DT202512222075,OV75727250AC,Henry Wilson #2076,"136 North Terrace, Adelaide SA 5000",SA,Adelaide
driver-004,Test Driver (Scalability),manifest_driver-004_027607e7,DT202512222074,RG22178765UZ,Charlotte Miller #2075,"45 Grenfell Street, Adelaide SA 5000",SA,Adelaide
driver-004,Test Driver (Scalability),manifest_driver-004_027607e7,DT202512222073,LP79337544YR,Lucas Harris #2074,"91 King William Street, Adelaide SA 5000",SA,Adelaide
driver-004,Test Driver (Scalability),manifest_driver-004_027607e7,DT202512222072,EX46915734TD,Amelia Jones #2073,"25 Pirie Street, Adelaide SA 5000",SA,Adelaide
driver-004,Test Driver (Scalability),manifest_driver-004_027607e7,DT202512222071,EX69381206HI,Henry Wilson #2072,"136 North Terrace, Adelaide SA 5000",SA,Adelaide
driver-004,Test Driver (Scalability),manifest_driver-004_027607e7,DT202512222070,RG86909204ZH,Charlotte Miller #2071,"45 Grenfell Street, Adelaide SA 5000",SA,Adelaide
driver-004,Test Driver (Scalability),manifest_driver-004_027607e7,DT202512222069,OV87097924QA,Lucas Harris #2070,"91 King William Street, Adelaide SA 5000",SA,Adelaide
driver-004,Test Driver (Scalability),manifest_driver-004_027607e7,DT202512222068,LP97236664NB,Amelia Jones #2069,"25 Pirie Street, Adelaide SA 5000",SA,Adelaide
driver-004,Test Driver (Scalability),manifest_driver-004_027607e7,DT202512222067,OV46613353VD,Henry Wilson #2068,"136 North Terrace, Adelaide SA 5000",SA,Adelaide
driver-004,Test Driver (Scalability),manifest_driver-004_027607e7,DT202512222066,RG22313743WB,Charlotte Miller #2067,"45 Grenfell Street, Adelaide SA 5000",SA,Adelaide
driver-004,Test Driver (Scalability),manifest_driver-004_027607e7,DT202512222065,OV21830432RH,Lucas Harris #2066,"91 King William Street, Adelaide SA 5000",SA,Adelaide
driver-004,Test Driver (Scalability),manifest_driver-004_027607e7,DT202512222064,EX20941664MN,Amelia Jones #2065,"25 Pirie Street, Adelaide SA 5000",SA,Adelaide
driver-004,Test Driver (Scalability),manifest_driver-004_027607e7,DT202512222063,RG92513086XM,Henry Wilson #2064,"136 North Terrace, Adelaide SA 5000",SA,Adelaide
driver-004,Test Driver (Scalability),manifest_driver-004_027607e7,DT202512222062,LP18709720JO,Charlotte Miller #2063,"45 Grenfell Street, Adelaide SA 5000",SA,Adelaide
driver-004,Test Driver (Scalability),manifest_driver-004_027607e7,DT202512222041,EX99255930CI,Lucas Harris #2042,"91 King William Street, Adelaide SA 5000",SA,Adelaide
driver-004,Test Driver (Scalability),manifest_driver-004_027607e7,DT202512222040,OV77073420HI,Amelia Jones #2041,"25 Pirie Street, Adelaide SA 5000",SA,Adelaide
driver-004,Test Driver (Scalability),manifest_driver-004_027607e7,DT202512222039,LP45926586DX,Henry Wilson #2040,"136 North Terrace, Adelaide SA 5000",SA,Adelaide
driver-004,Test Driver (Scalability),manifest_driver-004_027607e7,DT202512222038,OV77683634HR,Charlotte Miller #2039,"45 Grenfell Street, Adelaide SA 5000",SA,Adelaide
driver-004,Test Driver (Scalability),manifest_driver-004_027607e7,DT202512222037,OV77820703CJ,Lucas Harris #2038,"91 King William Street, Adelaide SA 5000",SA,Adelaide
driver-004,Test Driver (Scalability),manifest_driver-004_027607e7,DT202512222036,OV69215280HO,Amelia Jones #2037,"25 Pirie Street, Adelaide SA 5000",SA,Adelaide
driver-004,Test Driver (Scalability),manifest_driver-004_027607e7,DT202512222035,RG81320354QD,Henry Wilson #2036,"136 North Terrace, Adelaide SA 5000",SA,Adelaide
driver-004,Test Driver (Scalability),manifest_driver-004_027607e7,DT202512222034,RG13988662ZZ,Charlotte Miller #2035,"45 Grenfell Street, Adelaide SA 5000",SA,Adelaide
driver-004,Test Driver (Scalability),manifest_driver-004_027607e7,DT202512222033,RG66344351CU,Lucas Harris #2034,"91 King William Street, Adelaide SA 5000",SA,Adelaide
driver-004,Test Driver (Scalability),manifest_driver-004_027607e7,DT202512222032,LP82236196JD,Amelia Jones #2033,"25 Pirie Street, Adelaide SA 5000",SA,Adelaide
driver-004,Test Driver (Scalability),manifest_driver-004_027607e7,DT202512222031,RG26770972TZ,Henry Wilson #2032,"136 North Terrace, Adelaide SA 5000",SA,Adelaide
driver-004,Test Driver (Scalability),manifest_driver-004_027607e7,DT202512222030,EX74444084NE,Charlotte Miller #2031,"45 Grenfell Street, Adelaide SA 5000",SA,Adelaide
driver-004,Test Driver (Scalability),manifest_driver-004_027607e7,DT202512222029,LP16192238XN,Lucas Harris #2030,"91 King William Street, Adelaide SA 5000",SA,Adelaide
driver-004,Test Driver (Scalability),manifest_driver-004_027607e7,DT202512222028,LP92281279GT,Amelia Jones #2029,"25 Pirie Street, Adelaide SA 5000",SA,Adelaide
driver-004,Test Driver (Scalability),manifest_driver-004_027607e7,DT202512222027,RG59521013KP,Henry Wilson #2028,"136 North Terrace, Adelaide SA 5000",SA,Adelaide
driver-004,Test Driver (Scalability),manifest_driver-004_027607e7,DT202512222026,RG33695101VG,Charlotte Miller #2027,"45 Grenfell Street, Adelaide SA 5000",SA,Adelaide
driver-004,Test Driver (Scalability),manifest_driver-004_027607e7,DT202512222025,EX51568299AO,Lucas Harris #2026,"91 King William Street, Adelaide SA 5000",SA,Adelaide
driver004,Test Driver (Scalability),manifest_driver004_1d96c2e3,DT202512222024,OV00592225OG,Amelia Jones #2025,"25 Pirie Street, Adelaide SA 5000",SA,Adelaide
driver004,Test Driver (Scalability),manifest_driver004_1d96c2e3,DT202512222023,LP86442292BF,Henry Wilson #2024,"136 North Terrace, Adelaide SA 5000",SA,Adelaide
driver004,Test Driver (Scalability),manifest_driver004_1d96c2e3,DT202512222022,LP52647874ZT,Charlotte Miller #2023,"45 Grenfell Street, Adelaide SA 5000",SA,Adelaide
driver004,Test Driver (Scalability),manifest_driver004_1d96c2e3,DT202512221996,EX09178012EJ,Amelia Jones #1997,"25 Pirie Street, Adelaide SA 5000",SA,Adelaide
driver004,Test Driver (Scalability),manifest_driver004_1d96c2e3,DT202512221995,RG43041248WF,Henry Wilson #1996,"136 North Terrace, Adelaide SA 5000",SA,Adelaide
driver004,Test Driver (Scalability),manifest_driver004_1d96c2e3,DT202512221994,RG21432953VW,Charlotte Miller #1995,"45 Grenfell Street, Adelaide SA 5000",SA,Adelaide
driver004,Test Driver (Scalability),manifest_driver004_1d96c2e3,DT202512221993,LP97084086YO,Lucas Harris #1994,"91 King William Street, Adelaide SA 5000",SA,Adelaide
driver004,Test Driver (Scalability),manifest_driver004_1d96c2e3,DT202512221992,LP10427901UQ,Amelia Jones #1993,"25 Pirie Street, Adelaide SA 5000",SA,Adelaide
driver004,Test Driver (Scalability),manifest_driver004_1d96c2e3,DT202512221991,OV11576972GG,Henry Wilson #1992,"136 North Terrace, Adelaide SA 5000",SA,Adelaide
driver004,Test Driver (Scalability),manifest_driver004_1d96c2e3,DT202512221990,RG12664758CI,Charlotte Miller #1991,"45 Grenfell Street, Adelaide SA 5000",SA,Adelaide
driver004,Test Driver (Scalability),manifest_driver004_1d96c2e3,DT202512221989,LP21300309BY,Lucas Harris #1990,"91 King William Street, Adelaide SA 5000",SA,Adelaide
driver004,Test Driver (Scalability),manifest_driver004_1d96c2e3,DT202512221988,OV23566665BN,Amelia Jones #1989,"25 Pirie Street, Adelaide SA 5000",SA,Adelaide
driver004,Test Driver (Scalability),manifest_driver004_1d96c2e3,DT202512221987,OV75084669HY,Henry Wilson #1988,"136 North Terrace, Adelaide SA 5000",SA,Adelaide
driver004,Test Driver (Scalability),manifest_driver004_1d96c2e3,DT202512221986,LP28044597YB,Charlotte Miller #1987,"45 Grenfell Street, Adelaide SA 5000",SA,Adelaide
driver004,Test Driver (Scalability),manifest_driver004_1d96c2e3,DT202512221985,EX65210528AD,Lucas Harris #1986,"91 King William Street, Adelaide SA 5000",SA,Adelaide
driver004,Test Driver (Scalability),manifest_driver004_1d96c2e3,DT202512221984,OV30851000NM,Amelia Jones #1985,"25 Pirie Street, Adelaide SA 5000",SA,Adelaide
driver004,Test Driver (Scalability),manifest_driver004_1d96c2e3,DT202512221983,OV02451845ZT,Henry Wilson #1984,"136 North Terrace, Adelaide SA 5000",SA,Adelaide
driver004,Test Driver (Scalability),manifest_driver004_1d96c2e3,DT202512221982,LP59344503NC,Charlotte Miller #1983,"45 Grenfell Street, Adelaide SA 5000",SA,Adelaide
driver004,Test Driver (Scalability),manifest_driver004_1d96c2e3,DT202512221981,EX77057503RZ,Lucas Harris #1982,"91 King William Street, Adelaide SA 5000",SA,Adelaide
driver004,Test Driver (Scalability),manifest_driver004_1d96c2e3,DT202512221980,LP45747371QC,Amelia Jones #1981,"25 Pirie Street, Adelaide SA 5000",SA,Adelaide
driver004,Test Driver (Scalability),manifest_driver004_1d96c2e3,DT202512221979,RG79581854DE,Henry Wilson #1980,"136 North Terrace, Adelaide SA 5000",SA,Adelaide
driver004,Test Driver (Scalability),manifest_driver004_1d96c2e3,DT202512221978,OV04517397JD,Charlotte Miller #1979,"45 Grenfell Street, Adelaide SA 5000",SA,Adelaide
driver004,Test Driver (Scalability),manifest_driver004_1d96c2e3,DT202512221977,LP83974952HS,Lucas Harris #1978,"91 King William Street, Adelaide SA 5000",SA,Adelaide
driver004,Test Driver (Scalability),manifest_driver004_1d96c2e3,DT202512221976,OV43162461HT,Amelia Jones #1977,"25 Pirie Street, Adelaide SA 5000",SA,Adelaide
driver004,Test Driver (Scalability),manifest_driver004_1d96c2e3,DT202512221975,LP48460386MD,Henry Wilson #1976,"136 North Terrace, Adelaide SA 5000",SA,Adelaide
driver004,Test Driver (Scalability),manifest_driver004_1d96c2e3,DT202512221974,RG07082517DN,Charlotte Miller #1975,"45 Grenfell Street, Adelaide SA 5000",SA,Adelaide
driver004,Test Driver (Scalability),manifest_driver004_1d96c2e3,DT202512221973,OV77503917RX,Lucas Harris #1974,"91 King William Street, Adelaide SA 5000",SA,Adelaide
driver004,Test Driver (Scalability),manifest_driver004_1d96c2e3,DT202512221972,RG63704468QM,Amelia Jones #1973,"25 Pirie Street, Adelaide SA 5000",SA,Adelaide
driver004,Test Driver (Scalability),manifest_driver004_1d96c2e3,DT202512221949,EX24378244YC,Lucas Harris #1950,"91 King William Street, Adelaide SA 5000",SA,Adelaide
driver004,Test Driver (Scalability),manifest_driver004_1d96c2e3,DT202512221948,OV64193248HA,Amelia Jones #1949,"25 Pirie Street, Adelaide SA 5000",SA,Adelaide
driver004,Test Driver (Scalability),manifest_driver004_1d96c2e3,DT202512221947,EX13355490IW,Henry Wilson #1948,"136 North Terrace, Adelaide SA 5000",SA,Adelaide
driver004,Test Driver (Scalability),manifest_driver004_1d96c2e3,DT202512221946,RG31609580WQ,Charlotte Miller #1947,"45 Grenfell Street, Adelaide SA 5000",SA,Adelaide
driver004,Test Driver (Scalability),manifest_driver004_1d96c2e3,DT202512221945,EX61273916DQ,Lucas Harris #1946,"91 King William Street, Adelaide SA 5000",SA,Adelaide
driver004,Test Driver (Scalability),manifest_driver004_1d96c2e3,DT202512221944,LP03876072UX,Amelia Jones #1945,"25 Pirie Street, Adelaide SA 5000",SA,Adelaide
driver004,Test Driver (Scalability),manifest_driver004_1d96c2e3,DT202512221943,EX38797002BG,Henry Wilson #1944,"136 North Terrace, Adelaide SA 5000",SA,Adelaide
driver004,Test Driver (Scalability),manifest_driver004_1d96c2e3,DT202512221942,RG70012583SZ,Charlotte Miller #1943,"45 Grenfell Street, Adelaide SA 5000",SA,Adelaide
driver004,Test Driver (Scalability),manifest_driver004_1d96c2e3,DT202512221941,OV86151249FF,Lucas Harris #1942,"91 King William Street, Adelaide SA 5000",SA,Adelaide
driver004,Test Driver (Scalability),manifest_driver004_1d96c2e3,DT202512221940,LP03143688UF,Amelia Jones #1941,"25 Pirie Street, Adelaide SA 5000",SA,Adelaide
driver004,Test Driver (Scalability),manifest_driver004_1d96c2e3,DT202512221939,LP12873393EC,Henry Wilson #1940,"136 North Terrace, Adelaide SA 5000",SA,Adelaide
driver004,Test Driver (Scalability),manifest_driver004_1d96c2e3,DT202512221938,EX21309276FK,Charlotte Miller #1939,"45 Grenfell Street, Adelaide SA 5000",SA,Adelaide
